{"hero-portrait":{"s":1.3201028699952801,"x":-8.418074110126518,"y":-4.956416036033733}}